Name,Type1,Type2,Image
bulbasaur,Grass,Poison,/content/APS360-Pokemon-Data/labelled_set/images/bulbasaur.png
ivysaur,Grass,Poison,/content/APS360-Pokemon-Data/labelled_set/images/ivysaur.png
venusaur,Grass,Poison,/content/APS360-Pokemon-Data/labelled_set/images/venusaur.png
charmander,Fire,,/content/APS360-Pokemon-Data/labelled_set/images/charmander.png
charmeleon,Fire,,/content/APS360-Pokemon-Data/labelled_set/images/charmeleon.png
charizard,Fire,Flying,/content/APS360-Pokemon-Data/labelled_set/images/charizard.png
squirtle,Water,,/content/APS360-Pokemon-Data/labelled_set/images/squirtle.png
wartortle,Water,,/content/APS360-Pokemon-Data/labelled_set/images/wartortle.png
blastoise,Water,,/content/APS360-Pokemon-Data/labelled_set/images/blastoise.png
caterpie,Bug,,/content/APS360-Pokemon-Data/labelled_set/images/caterpie.png
metapod,Bug,,/content/APS360-Pokemon-Data/labelled_set/images/metapod.png
butterfree,Bug,Flying,/content/APS360-Pokemon-Data/labelled_set/images/butterfree.png
weedle,Bug,Poison,/content/APS360-Pokemon-Data/labelled_set/images/weedle.png
kakuna,Bug,Poison,/content/APS360-Pokemon-Data/labelled_set/images/kakuna.png
beedrill,Bug,Poison,/content/APS360-Pokemon-Data/labelled_set/images/beedrill.png
pidgey,Normal,Flying,/content/APS360-Pokemon-Data/labelled_set/images/pidgey.png
pidgeotto,Normal,Flying,/content/APS360-Pokemon-Data/labelled_set/images/pidgeotto.png
pidgeot,Normal,Flying,/content/APS360-Pokemon-Data/labelled_set/images/pidgeot.png
rattata,Normal,,/content/APS360-Pokemon-Data/labelled_set/images/rattata.png
raticate,Normal,,/content/APS360-Pokemon-Data/labelled_set/images/raticate.png
spearow,Normal,Flying,/content/APS360-Pokemon-Data/labelled_set/images/spearow.png
fearow,Normal,Flying,/content/APS360-Pokemon-Data/labelled_set/images/fearow.png
ekans,Poison,,/content/APS360-Pokemon-Data/labelled_set/images/ekans.png
arbok,Poison,,/content/APS360-Pokemon-Data/labelled_set/images/arbok.png
pikachu,Electric,,/content/APS360-Pokemon-Data/labelled_set/images/pikachu.png
raichu,Electric,,/content/APS360-Pokemon-Data/labelled_set/images/raichu.png
sandshrew,Ground,,/content/APS360-Pokemon-Data/labelled_set/images/sandshrew.png
sandslash,Ground,,/content/APS360-Pokemon-Data/labelled_set/images/sandslash.png
nidoran-f,Poison,,/content/APS360-Pokemon-Data/labelled_set/images/nidoran-f.png
nidorina,Poison,,/content/APS360-Pokemon-Data/labelled_set/images/nidorina.png
nidoqueen,Poison,Ground,/content/APS360-Pokemon-Data/labelled_set/images/nidoqueen.png
nidoran-m,Poison,,/content/APS360-Pokemon-Data/labelled_set/images/nidoran-m.png
nidorino,Poison,,/content/APS360-Pokemon-Data/labelled_set/images/nidorino.png
nidoking,Poison,Ground,/content/APS360-Pokemon-Data/labelled_set/images/nidoking.png
clefairy,Fairy,,/content/APS360-Pokemon-Data/labelled_set/images/clefairy.png
clefable,Fairy,,/content/APS360-Pokemon-Data/labelled_set/images/clefable.png
vulpix,Fire,,/content/APS360-Pokemon-Data/labelled_set/images/vulpix.png
ninetales,Fire,,/content/APS360-Pokemon-Data/labelled_set/images/ninetales.png
jigglypuff,Normal,Fairy,/content/APS360-Pokemon-Data/labelled_set/images/jigglypuff.png
wigglytuff,Normal,Fairy,/content/APS360-Pokemon-Data/labelled_set/images/wigglytuff.png
zubat,Poison,Flying,/content/APS360-Pokemon-Data/labelled_set/images/zubat.png
golbat,Poison,Flying,/content/APS360-Pokemon-Data/labelled_set/images/golbat.png
oddish,Grass,Poison,/content/APS360-Pokemon-Data/labelled_set/images/oddish.png
gloom,Grass,Poison,/content/APS360-Pokemon-Data/labelled_set/images/gloom.png
vileplume,Grass,Poison,/content/APS360-Pokemon-Data/labelled_set/images/vileplume.png
paras,Bug,Grass,/content/APS360-Pokemon-Data/labelled_set/images/paras.png
parasect,Bug,Grass,/content/APS360-Pokemon-Data/labelled_set/images/parasect.png
venonat,Bug,Poison,/content/APS360-Pokemon-Data/labelled_set/images/venonat.png
venomoth,Bug,Poison,/content/APS360-Pokemon-Data/labelled_set/images/venomoth.png
diglett,Ground,,/content/APS360-Pokemon-Data/labelled_set/images/diglett.png
dugtrio,Ground,,/content/APS360-Pokemon-Data/labelled_set/images/dugtrio.png
meowth,Normal,,/content/APS360-Pokemon-Data/labelled_set/images/meowth.png
persian,Normal,,/content/APS360-Pokemon-Data/labelled_set/images/persian.png
psyduck,Water,,/content/APS360-Pokemon-Data/labelled_set/images/psyduck.png
golduck,Water,,/content/APS360-Pokemon-Data/labelled_set/images/golduck.png
mankey,Fighting,,/content/APS360-Pokemon-Data/labelled_set/images/mankey.png
primeape,Fighting,,/content/APS360-Pokemon-Data/labelled_set/images/primeape.png
growlithe,Fire,,/content/APS360-Pokemon-Data/labelled_set/images/growlithe.png
arcanine,Fire,,/content/APS360-Pokemon-Data/labelled_set/images/arcanine.png
poliwag,Water,,/content/APS360-Pokemon-Data/labelled_set/images/poliwag.png
poliwhirl,Water,,/content/APS360-Pokemon-Data/labelled_set/images/poliwhirl.png
poliwrath,Water,Fighting,/content/APS360-Pokemon-Data/labelled_set/images/poliwrath.png
abra,Psychic,,/content/APS360-Pokemon-Data/labelled_set/images/abra.png
kadabra,Psychic,,/content/APS360-Pokemon-Data/labelled_set/images/kadabra.png
alakazam,Psychic,,/content/APS360-Pokemon-Data/labelled_set/images/alakazam.png
machop,Fighting,,/content/APS360-Pokemon-Data/labelled_set/images/machop.png
machoke,Fighting,,/content/APS360-Pokemon-Data/labelled_set/images/machoke.png
machamp,Fighting,,/content/APS360-Pokemon-Data/labelled_set/images/machamp.png
bellsprout,Grass,Poison,/content/APS360-Pokemon-Data/labelled_set/images/bellsprout.png
weepinbell,Grass,Poison,/content/APS360-Pokemon-Data/labelled_set/images/weepinbell.png
victreebel,Grass,Poison,/content/APS360-Pokemon-Data/labelled_set/images/victreebel.png
tentacool,Water,Poison,/content/APS360-Pokemon-Data/labelled_set/images/tentacool.png
tentacruel,Water,Poison,/content/APS360-Pokemon-Data/labelled_set/images/tentacruel.png
geodude,Rock,Ground,/content/APS360-Pokemon-Data/labelled_set/images/geodude.png
graveler,Rock,Ground,/content/APS360-Pokemon-Data/labelled_set/images/graveler.png
golem,Rock,Ground,/content/APS360-Pokemon-Data/labelled_set/images/golem.png
ponyta,Fire,,/content/APS360-Pokemon-Data/labelled_set/images/ponyta.png
rapidash,Fire,,/content/APS360-Pokemon-Data/labelled_set/images/rapidash.png
slowpoke,Water,Psychic,/content/APS360-Pokemon-Data/labelled_set/images/slowpoke.png
slowbro,Water,Psychic,/content/APS360-Pokemon-Data/labelled_set/images/slowbro.png
magnemite,Electric,Steel,/content/APS360-Pokemon-Data/labelled_set/images/magnemite.png
magneton,Electric,Steel,/content/APS360-Pokemon-Data/labelled_set/images/magneton.png
farfetchd,Normal,Flying,/content/APS360-Pokemon-Data/labelled_set/images/farfetchd.png
doduo,Normal,Flying,/content/APS360-Pokemon-Data/labelled_set/images/doduo.png
dodrio,Normal,Flying,/content/APS360-Pokemon-Data/labelled_set/images/dodrio.png
seel,Water,,/content/APS360-Pokemon-Data/labelled_set/images/seel.png
dewgong,Water,Ice,/content/APS360-Pokemon-Data/labelled_set/images/dewgong.png
grimer,Poison,,/content/APS360-Pokemon-Data/labelled_set/images/grimer.png
muk,Poison,,/content/APS360-Pokemon-Data/labelled_set/images/muk.png
shellder,Water,,/content/APS360-Pokemon-Data/labelled_set/images/shellder.png
cloyster,Water,Ice,/content/APS360-Pokemon-Data/labelled_set/images/cloyster.png
gastly,Ghost,Poison,/content/APS360-Pokemon-Data/labelled_set/images/gastly.png
haunter,Ghost,Poison,/content/APS360-Pokemon-Data/labelled_set/images/haunter.png
gengar,Ghost,Poison,/content/APS360-Pokemon-Data/labelled_set/images/gengar.png
onix,Rock,Ground,/content/APS360-Pokemon-Data/labelled_set/images/onix.png
drowzee,Psychic,,/content/APS360-Pokemon-Data/labelled_set/images/drowzee.png
hypno,Psychic,,/content/APS360-Pokemon-Data/labelled_set/images/hypno.png
krabby,Water,,/content/APS360-Pokemon-Data/labelled_set/images/krabby.png
kingler,Water,,/content/APS360-Pokemon-Data/labelled_set/images/kingler.png
voltorb,Electric,,/content/APS360-Pokemon-Data/labelled_set/images/voltorb.png
electrode,Electric,,/content/APS360-Pokemon-Data/labelled_set/images/electrode.png
exeggcute,Grass,Psychic,/content/APS360-Pokemon-Data/labelled_set/images/exeggcute.png
exeggutor,Grass,Psychic,/content/APS360-Pokemon-Data/labelled_set/images/exeggutor.png
cubone,Ground,,/content/APS360-Pokemon-Data/labelled_set/images/cubone.png
marowak,Ground,,/content/APS360-Pokemon-Data/labelled_set/images/marowak.png
hitmonlee,Fighting,,/content/APS360-Pokemon-Data/labelled_set/images/hitmonlee.png
hitmonchan,Fighting,,/content/APS360-Pokemon-Data/labelled_set/images/hitmonchan.png
lickitung,Normal,,/content/APS360-Pokemon-Data/labelled_set/images/lickitung.png
koffing,Poison,,/content/APS360-Pokemon-Data/labelled_set/images/koffing.png
weezing,Poison,,/content/APS360-Pokemon-Data/labelled_set/images/weezing.png
rhyhorn,Ground,Rock,/content/APS360-Pokemon-Data/labelled_set/images/rhyhorn.png
rhydon,Ground,Rock,/content/APS360-Pokemon-Data/labelled_set/images/rhydon.png
chansey,Normal,,/content/APS360-Pokemon-Data/labelled_set/images/chansey.png
tangela,Grass,,/content/APS360-Pokemon-Data/labelled_set/images/tangela.png
kangaskhan,Normal,,/content/APS360-Pokemon-Data/labelled_set/images/kangaskhan.png
horsea,Water,,/content/APS360-Pokemon-Data/labelled_set/images/horsea.png
seadra,Water,,/content/APS360-Pokemon-Data/labelled_set/images/seadra.png
goldeen,Water,,/content/APS360-Pokemon-Data/labelled_set/images/goldeen.png
seaking,Water,,/content/APS360-Pokemon-Data/labelled_set/images/seaking.png
staryu,Water,,/content/APS360-Pokemon-Data/labelled_set/images/staryu.png
starmie,Water,Psychic,/content/APS360-Pokemon-Data/labelled_set/images/starmie.png
mr-mime,Psychic,Fairy,/content/APS360-Pokemon-Data/labelled_set/images/mr-mime.png
scyther,Bug,Flying,/content/APS360-Pokemon-Data/labelled_set/images/scyther.png
jynx,Ice,Psychic,/content/APS360-Pokemon-Data/labelled_set/images/jynx.png
electabuzz,Electric,,/content/APS360-Pokemon-Data/labelled_set/images/electabuzz.png
magmar,Fire,,/content/APS360-Pokemon-Data/labelled_set/images/magmar.png
pinsir,Bug,,/content/APS360-Pokemon-Data/labelled_set/images/pinsir.png
tauros,Normal,,/content/APS360-Pokemon-Data/labelled_set/images/tauros.png
magikarp,Water,,/content/APS360-Pokemon-Data/labelled_set/images/magikarp.png
gyarados,Water,Flying,/content/APS360-Pokemon-Data/labelled_set/images/gyarados.png
lapras,Water,Ice,/content/APS360-Pokemon-Data/labelled_set/images/lapras.png
ditto,Normal,,/content/APS360-Pokemon-Data/labelled_set/images/ditto.png
eevee,Normal,,/content/APS360-Pokemon-Data/labelled_set/images/eevee.png
vaporeon,Water,,/content/APS360-Pokemon-Data/labelled_set/images/vaporeon.png
jolteon,Electric,,/content/APS360-Pokemon-Data/labelled_set/images/jolteon.png
flareon,Fire,,/content/APS360-Pokemon-Data/labelled_set/images/flareon.png
porygon,Normal,,/content/APS360-Pokemon-Data/labelled_set/images/porygon.png
omanyte,Rock,Water,/content/APS360-Pokemon-Data/labelled_set/images/omanyte.png
omastar,Rock,Water,/content/APS360-Pokemon-Data/labelled_set/images/omastar.png
kabuto,Rock,Water,/content/APS360-Pokemon-Data/labelled_set/images/kabuto.png
kabutops,Rock,Water,/content/APS360-Pokemon-Data/labelled_set/images/kabutops.png
aerodactyl,Rock,Flying,/content/APS360-Pokemon-Data/labelled_set/images/aerodactyl.png
snorlax,Normal,,/content/APS360-Pokemon-Data/labelled_set/images/snorlax.png
articuno,Ice,Flying,/content/APS360-Pokemon-Data/labelled_set/images/articuno.png
zapdos,Electric,Flying,/content/APS360-Pokemon-Data/labelled_set/images/zapdos.png
moltres,Fire,Flying,/content/APS360-Pokemon-Data/labelled_set/images/moltres.png
dratini,Dragon,,/content/APS360-Pokemon-Data/labelled_set/images/dratini.png
dragonair,Dragon,,/content/APS360-Pokemon-Data/labelled_set/images/dragonair.png
dragonite,Dragon,Flying,/content/APS360-Pokemon-Data/labelled_set/images/dragonite.png
mewtwo,Psychic,,/content/APS360-Pokemon-Data/labelled_set/images/mewtwo.png
mew,Psychic,,/content/APS360-Pokemon-Data/labelled_set/images/mew.png
chikorita,Grass,,/content/APS360-Pokemon-Data/labelled_set/images/chikorita.png
bayleef,Grass,,/content/APS360-Pokemon-Data/labelled_set/images/bayleef.png
meganium,Grass,,/content/APS360-Pokemon-Data/labelled_set/images/meganium.png
cyndaquil,Fire,,/content/APS360-Pokemon-Data/labelled_set/images/cyndaquil.png
quilava,Fire,,/content/APS360-Pokemon-Data/labelled_set/images/quilava.png
typhlosion,Fire,,/content/APS360-Pokemon-Data/labelled_set/images/typhlosion.png
totodile,Water,,/content/APS360-Pokemon-Data/labelled_set/images/totodile.png
croconaw,Water,,/content/APS360-Pokemon-Data/labelled_set/images/croconaw.png
feraligatr,Water,,/content/APS360-Pokemon-Data/labelled_set/images/feraligatr.png
sentret,Normal,,/content/APS360-Pokemon-Data/labelled_set/images/sentret.png
furret,Normal,,/content/APS360-Pokemon-Data/labelled_set/images/furret.png
hoothoot,Normal,Flying,/content/APS360-Pokemon-Data/labelled_set/images/hoothoot.png
noctowl,Normal,Flying,/content/APS360-Pokemon-Data/labelled_set/images/noctowl.png
ledyba,Bug,Flying,/content/APS360-Pokemon-Data/labelled_set/images/ledyba.png
ledian,Bug,Flying,/content/APS360-Pokemon-Data/labelled_set/images/ledian.png
spinarak,Bug,Poison,/content/APS360-Pokemon-Data/labelled_set/images/spinarak.png
ariados,Bug,Poison,/content/APS360-Pokemon-Data/labelled_set/images/ariados.png
crobat,Poison,Flying,/content/APS360-Pokemon-Data/labelled_set/images/crobat.png
chinchou,Water,Electric,/content/APS360-Pokemon-Data/labelled_set/images/chinchou.png
lanturn,Water,Electric,/content/APS360-Pokemon-Data/labelled_set/images/lanturn.png
pichu,Electric,,/content/APS360-Pokemon-Data/labelled_set/images/pichu.png
cleffa,Fairy,,/content/APS360-Pokemon-Data/labelled_set/images/cleffa.png
igglybuff,Normal,Fairy,/content/APS360-Pokemon-Data/labelled_set/images/igglybuff.png
togepi,Fairy,,/content/APS360-Pokemon-Data/labelled_set/images/togepi.png
togetic,Fairy,Flying,/content/APS360-Pokemon-Data/labelled_set/images/togetic.png
natu,Psychic,Flying,/content/APS360-Pokemon-Data/labelled_set/images/natu.png
xatu,Psychic,Flying,/content/APS360-Pokemon-Data/labelled_set/images/xatu.png
mareep,Electric,,/content/APS360-Pokemon-Data/labelled_set/images/mareep.png
flaaffy,Electric,,/content/APS360-Pokemon-Data/labelled_set/images/flaaffy.png
ampharos,Electric,,/content/APS360-Pokemon-Data/labelled_set/images/ampharos.png
bellossom,Grass,,/content/APS360-Pokemon-Data/labelled_set/images/bellossom.png
marill,Water,Fairy,/content/APS360-Pokemon-Data/labelled_set/images/marill.png
azumarill,Water,Fairy,/content/APS360-Pokemon-Data/labelled_set/images/azumarill.png
sudowoodo,Rock,,/content/APS360-Pokemon-Data/labelled_set/images/sudowoodo.png
politoed,Water,,/content/APS360-Pokemon-Data/labelled_set/images/politoed.png
hoppip,Grass,Flying,/content/APS360-Pokemon-Data/labelled_set/images/hoppip.png
skiploom,Grass,Flying,/content/APS360-Pokemon-Data/labelled_set/images/skiploom.png
jumpluff,Grass,Flying,/content/APS360-Pokemon-Data/labelled_set/images/jumpluff.png
aipom,Normal,,/content/APS360-Pokemon-Data/labelled_set/images/aipom.png
sunkern,Grass,,/content/APS360-Pokemon-Data/labelled_set/images/sunkern.png
sunflora,Grass,,/content/APS360-Pokemon-Data/labelled_set/images/sunflora.png
yanma,Bug,Flying,/content/APS360-Pokemon-Data/labelled_set/images/yanma.png
wooper,Water,Ground,/content/APS360-Pokemon-Data/labelled_set/images/wooper.png
quagsire,Water,Ground,/content/APS360-Pokemon-Data/labelled_set/images/quagsire.png
espeon,Psychic,,/content/APS360-Pokemon-Data/labelled_set/images/espeon.png
umbreon,Dark,,/content/APS360-Pokemon-Data/labelled_set/images/umbreon.png
murkrow,Dark,Flying,/content/APS360-Pokemon-Data/labelled_set/images/murkrow.png
slowking,Water,Psychic,/content/APS360-Pokemon-Data/labelled_set/images/slowking.png
misdreavus,Ghost,,/content/APS360-Pokemon-Data/labelled_set/images/misdreavus.png
unown,Psychic,,/content/APS360-Pokemon-Data/labelled_set/images/unown.png
wobbuffet,Psychic,,/content/APS360-Pokemon-Data/labelled_set/images/wobbuffet.png
girafarig,Normal,Psychic,/content/APS360-Pokemon-Data/labelled_set/images/girafarig.png
pineco,Bug,,/content/APS360-Pokemon-Data/labelled_set/images/pineco.png
forretress,Bug,Steel,/content/APS360-Pokemon-Data/labelled_set/images/forretress.png
dunsparce,Normal,,/content/APS360-Pokemon-Data/labelled_set/images/dunsparce.png
gligar,Ground,Flying,/content/APS360-Pokemon-Data/labelled_set/images/gligar.png
steelix,Steel,Ground,/content/APS360-Pokemon-Data/labelled_set/images/steelix.png
snubbull,Fairy,,/content/APS360-Pokemon-Data/labelled_set/images/snubbull.png
granbull,Fairy,,/content/APS360-Pokemon-Data/labelled_set/images/granbull.png
qwilfish,Water,Poison,/content/APS360-Pokemon-Data/labelled_set/images/qwilfish.png
scizor,Bug,Steel,/content/APS360-Pokemon-Data/labelled_set/images/scizor.png
shuckle,Bug,Rock,/content/APS360-Pokemon-Data/labelled_set/images/shuckle.png
heracross,Bug,Fighting,/content/APS360-Pokemon-Data/labelled_set/images/heracross.png
sneasel,Dark,Ice,/content/APS360-Pokemon-Data/labelled_set/images/sneasel.png
teddiursa,Normal,,/content/APS360-Pokemon-Data/labelled_set/images/teddiursa.png
ursaring,Normal,,/content/APS360-Pokemon-Data/labelled_set/images/ursaring.png
slugma,Fire,,/content/APS360-Pokemon-Data/labelled_set/images/slugma.png
magcargo,Fire,Rock,/content/APS360-Pokemon-Data/labelled_set/images/magcargo.png
swinub,Ice,Ground,/content/APS360-Pokemon-Data/labelled_set/images/swinub.png
piloswine,Ice,Ground,/content/APS360-Pokemon-Data/labelled_set/images/piloswine.png
corsola,Water,Rock,/content/APS360-Pokemon-Data/labelled_set/images/corsola.png
remoraid,Water,,/content/APS360-Pokemon-Data/labelled_set/images/remoraid.png
octillery,Water,,/content/APS360-Pokemon-Data/labelled_set/images/octillery.png
delibird,Ice,Flying,/content/APS360-Pokemon-Data/labelled_set/images/delibird.png
mantine,Water,Flying,/content/APS360-Pokemon-Data/labelled_set/images/mantine.png
skarmory,Steel,Flying,/content/APS360-Pokemon-Data/labelled_set/images/skarmory.png
houndour,Dark,Fire,/content/APS360-Pokemon-Data/labelled_set/images/houndour.png
houndoom,Dark,Fire,/content/APS360-Pokemon-Data/labelled_set/images/houndoom.png
kingdra,Water,Dragon,/content/APS360-Pokemon-Data/labelled_set/images/kingdra.png
phanpy,Ground,,/content/APS360-Pokemon-Data/labelled_set/images/phanpy.png
donphan,Ground,,/content/APS360-Pokemon-Data/labelled_set/images/donphan.png
porygon2,Normal,,/content/APS360-Pokemon-Data/labelled_set/images/porygon2.png
stantler,Normal,,/content/APS360-Pokemon-Data/labelled_set/images/stantler.png
smeargle,Normal,,/content/APS360-Pokemon-Data/labelled_set/images/smeargle.png
tyrogue,Fighting,,/content/APS360-Pokemon-Data/labelled_set/images/tyrogue.png
hitmontop,Fighting,,/content/APS360-Pokemon-Data/labelled_set/images/hitmontop.png
smoochum,Ice,Psychic,/content/APS360-Pokemon-Data/labelled_set/images/smoochum.png
elekid,Electric,,/content/APS360-Pokemon-Data/labelled_set/images/elekid.png
magby,Fire,,/content/APS360-Pokemon-Data/labelled_set/images/magby.png
miltank,Normal,,/content/APS360-Pokemon-Data/labelled_set/images/miltank.png
blissey,Normal,,/content/APS360-Pokemon-Data/labelled_set/images/blissey.png
raikou,Electric,,/content/APS360-Pokemon-Data/labelled_set/images/raikou.png
entei,Fire,,/content/APS360-Pokemon-Data/labelled_set/images/entei.png
suicune,Water,,/content/APS360-Pokemon-Data/labelled_set/images/suicune.png
larvitar,Rock,Ground,/content/APS360-Pokemon-Data/labelled_set/images/larvitar.png
pupitar,Rock,Ground,/content/APS360-Pokemon-Data/labelled_set/images/pupitar.png
tyranitar,Rock,Dark,/content/APS360-Pokemon-Data/labelled_set/images/tyranitar.png
lugia,Psychic,Flying,/content/APS360-Pokemon-Data/labelled_set/images/lugia.png
ho-oh,Fire,Flying,/content/APS360-Pokemon-Data/labelled_set/images/ho-oh.png
celebi,Psychic,Grass,/content/APS360-Pokemon-Data/labelled_set/images/celebi.png
treecko,Grass,,/content/APS360-Pokemon-Data/labelled_set/images/treecko.png
grovyle,Grass,,/content/APS360-Pokemon-Data/labelled_set/images/grovyle.png
sceptile,Grass,,/content/APS360-Pokemon-Data/labelled_set/images/sceptile.png
torchic,Fire,,/content/APS360-Pokemon-Data/labelled_set/images/torchic.png
combusken,Fire,Fighting,/content/APS360-Pokemon-Data/labelled_set/images/combusken.png
blaziken,Fire,Fighting,/content/APS360-Pokemon-Data/labelled_set/images/blaziken.png
mudkip,Water,,/content/APS360-Pokemon-Data/labelled_set/images/mudkip.png
marshtomp,Water,Ground,/content/APS360-Pokemon-Data/labelled_set/images/marshtomp.png
swampert,Water,Ground,/content/APS360-Pokemon-Data/labelled_set/images/swampert.png
poochyena,Dark,,/content/APS360-Pokemon-Data/labelled_set/images/poochyena.png
mightyena,Dark,,/content/APS360-Pokemon-Data/labelled_set/images/mightyena.png
zigzagoon,Normal,,/content/APS360-Pokemon-Data/labelled_set/images/zigzagoon.png
linoone,Normal,,/content/APS360-Pokemon-Data/labelled_set/images/linoone.png
wurmple,Bug,,/content/APS360-Pokemon-Data/labelled_set/images/wurmple.png
silcoon,Bug,,/content/APS360-Pokemon-Data/labelled_set/images/silcoon.png
beautifly,Bug,Flying,/content/APS360-Pokemon-Data/labelled_set/images/beautifly.png
cascoon,Bug,,/content/APS360-Pokemon-Data/labelled_set/images/cascoon.png
dustox,Bug,Poison,/content/APS360-Pokemon-Data/labelled_set/images/dustox.png
lotad,Water,Grass,/content/APS360-Pokemon-Data/labelled_set/images/lotad.png
lombre,Water,Grass,/content/APS360-Pokemon-Data/labelled_set/images/lombre.png
ludicolo,Water,Grass,/content/APS360-Pokemon-Data/labelled_set/images/ludicolo.png
seedot,Grass,,/content/APS360-Pokemon-Data/labelled_set/images/seedot.png
nuzleaf,Grass,Dark,/content/APS360-Pokemon-Data/labelled_set/images/nuzleaf.png
shiftry,Grass,Dark,/content/APS360-Pokemon-Data/labelled_set/images/shiftry.png
taillow,Normal,Flying,/content/APS360-Pokemon-Data/labelled_set/images/taillow.png
swellow,Normal,Flying,/content/APS360-Pokemon-Data/labelled_set/images/swellow.png
wingull,Water,Flying,/content/APS360-Pokemon-Data/labelled_set/images/wingull.png
pelipper,Water,Flying,/content/APS360-Pokemon-Data/labelled_set/images/pelipper.png
ralts,Psychic,Fairy,/content/APS360-Pokemon-Data/labelled_set/images/ralts.png
kirlia,Psychic,Fairy,/content/APS360-Pokemon-Data/labelled_set/images/kirlia.png
gardevoir,Psychic,Fairy,/content/APS360-Pokemon-Data/labelled_set/images/gardevoir.png
surskit,Bug,Water,/content/APS360-Pokemon-Data/labelled_set/images/surskit.png
masquerain,Bug,Flying,/content/APS360-Pokemon-Data/labelled_set/images/masquerain.png
shroomish,Grass,,/content/APS360-Pokemon-Data/labelled_set/images/shroomish.png
breloom,Grass,Fighting,/content/APS360-Pokemon-Data/labelled_set/images/breloom.png
slakoth,Normal,,/content/APS360-Pokemon-Data/labelled_set/images/slakoth.png
vigoroth,Normal,,/content/APS360-Pokemon-Data/labelled_set/images/vigoroth.png
slaking,Normal,,/content/APS360-Pokemon-Data/labelled_set/images/slaking.png
nincada,Bug,Ground,/content/APS360-Pokemon-Data/labelled_set/images/nincada.png
ninjask,Bug,Flying,/content/APS360-Pokemon-Data/labelled_set/images/ninjask.png
shedinja,Bug,Ghost,/content/APS360-Pokemon-Data/labelled_set/images/shedinja.png
whismur,Normal,,/content/APS360-Pokemon-Data/labelled_set/images/whismur.png
loudred,Normal,,/content/APS360-Pokemon-Data/labelled_set/images/loudred.png
exploud,Normal,,/content/APS360-Pokemon-Data/labelled_set/images/exploud.png
makuhita,Fighting,,/content/APS360-Pokemon-Data/labelled_set/images/makuhita.png
hariyama,Fighting,,/content/APS360-Pokemon-Data/labelled_set/images/hariyama.png
azurill,Normal,Fairy,/content/APS360-Pokemon-Data/labelled_set/images/azurill.png
nosepass,Rock,,/content/APS360-Pokemon-Data/labelled_set/images/nosepass.png
skitty,Normal,,/content/APS360-Pokemon-Data/labelled_set/images/skitty.png
delcatty,Normal,,/content/APS360-Pokemon-Data/labelled_set/images/delcatty.png
sableye,Dark,Ghost,/content/APS360-Pokemon-Data/labelled_set/images/sableye.png
mawile,Steel,Fairy,/content/APS360-Pokemon-Data/labelled_set/images/mawile.png
aron,Steel,Rock,/content/APS360-Pokemon-Data/labelled_set/images/aron.png
lairon,Steel,Rock,/content/APS360-Pokemon-Data/labelled_set/images/lairon.png
aggron,Steel,Rock,/content/APS360-Pokemon-Data/labelled_set/images/aggron.png
meditite,Fighting,Psychic,/content/APS360-Pokemon-Data/labelled_set/images/meditite.png
medicham,Fighting,Psychic,/content/APS360-Pokemon-Data/labelled_set/images/medicham.png
electrike,Electric,,/content/APS360-Pokemon-Data/labelled_set/images/electrike.png
manectric,Electric,,/content/APS360-Pokemon-Data/labelled_set/images/manectric.png
plusle,Electric,,/content/APS360-Pokemon-Data/labelled_set/images/plusle.png
minun,Electric,,/content/APS360-Pokemon-Data/labelled_set/images/minun.png
volbeat,Bug,,/content/APS360-Pokemon-Data/labelled_set/images/volbeat.png
illumise,Bug,,/content/APS360-Pokemon-Data/labelled_set/images/illumise.png
roselia,Grass,Poison,/content/APS360-Pokemon-Data/labelled_set/images/roselia.png
gulpin,Poison,,/content/APS360-Pokemon-Data/labelled_set/images/gulpin.png
swalot,Poison,,/content/APS360-Pokemon-Data/labelled_set/images/swalot.png
carvanha,Water,Dark,/content/APS360-Pokemon-Data/labelled_set/images/carvanha.png
sharpedo,Water,Dark,/content/APS360-Pokemon-Data/labelled_set/images/sharpedo.png
wailmer,Water,,/content/APS360-Pokemon-Data/labelled_set/images/wailmer.png
wailord,Water,,/content/APS360-Pokemon-Data/labelled_set/images/wailord.png
numel,Fire,Ground,/content/APS360-Pokemon-Data/labelled_set/images/numel.png
camerupt,Fire,Ground,/content/APS360-Pokemon-Data/labelled_set/images/camerupt.png
torkoal,Fire,,/content/APS360-Pokemon-Data/labelled_set/images/torkoal.png
spoink,Psychic,,/content/APS360-Pokemon-Data/labelled_set/images/spoink.png
grumpig,Psychic,,/content/APS360-Pokemon-Data/labelled_set/images/grumpig.png
spinda,Normal,,/content/APS360-Pokemon-Data/labelled_set/images/spinda.png
trapinch,Ground,,/content/APS360-Pokemon-Data/labelled_set/images/trapinch.png
vibrava,Ground,Dragon,/content/APS360-Pokemon-Data/labelled_set/images/vibrava.png
flygon,Ground,Dragon,/content/APS360-Pokemon-Data/labelled_set/images/flygon.png
cacnea,Grass,,/content/APS360-Pokemon-Data/labelled_set/images/cacnea.png
cacturne,Grass,Dark,/content/APS360-Pokemon-Data/labelled_set/images/cacturne.png
swablu,Normal,Flying,/content/APS360-Pokemon-Data/labelled_set/images/swablu.png
altaria,Dragon,Flying,/content/APS360-Pokemon-Data/labelled_set/images/altaria.png
zangoose,Normal,,/content/APS360-Pokemon-Data/labelled_set/images/zangoose.png
seviper,Poison,,/content/APS360-Pokemon-Data/labelled_set/images/seviper.png
lunatone,Rock,Psychic,/content/APS360-Pokemon-Data/labelled_set/images/lunatone.png
solrock,Rock,Psychic,/content/APS360-Pokemon-Data/labelled_set/images/solrock.png
barboach,Water,Ground,/content/APS360-Pokemon-Data/labelled_set/images/barboach.png
whiscash,Water,Ground,/content/APS360-Pokemon-Data/labelled_set/images/whiscash.png
corphish,Water,,/content/APS360-Pokemon-Data/labelled_set/images/corphish.png
crawdaunt,Water,Dark,/content/APS360-Pokemon-Data/labelled_set/images/crawdaunt.png
baltoy,Ground,Psychic,/content/APS360-Pokemon-Data/labelled_set/images/baltoy.png
claydol,Ground,Psychic,/content/APS360-Pokemon-Data/labelled_set/images/claydol.png
lileep,Rock,Grass,/content/APS360-Pokemon-Data/labelled_set/images/lileep.png
cradily,Rock,Grass,/content/APS360-Pokemon-Data/labelled_set/images/cradily.png
anorith,Rock,Bug,/content/APS360-Pokemon-Data/labelled_set/images/anorith.png
armaldo,Rock,Bug,/content/APS360-Pokemon-Data/labelled_set/images/armaldo.png
feebas,Water,,/content/APS360-Pokemon-Data/labelled_set/images/feebas.png
milotic,Water,,/content/APS360-Pokemon-Data/labelled_set/images/milotic.png
castform,Normal,,/content/APS360-Pokemon-Data/labelled_set/images/castform.png
kecleon,Normal,,/content/APS360-Pokemon-Data/labelled_set/images/kecleon.png
shuppet,Ghost,,/content/APS360-Pokemon-Data/labelled_set/images/shuppet.png
banette,Ghost,,/content/APS360-Pokemon-Data/labelled_set/images/banette.png
duskull,Ghost,,/content/APS360-Pokemon-Data/labelled_set/images/duskull.png
dusclops,Ghost,,/content/APS360-Pokemon-Data/labelled_set/images/dusclops.png
tropius,Grass,Flying,/content/APS360-Pokemon-Data/labelled_set/images/tropius.png
chimecho,Psychic,,/content/APS360-Pokemon-Data/labelled_set/images/chimecho.png
absol,Dark,,/content/APS360-Pokemon-Data/labelled_set/images/absol.png
wynaut,Psychic,,/content/APS360-Pokemon-Data/labelled_set/images/wynaut.png
snorunt,Ice,,/content/APS360-Pokemon-Data/labelled_set/images/snorunt.png
glalie,Ice,,/content/APS360-Pokemon-Data/labelled_set/images/glalie.png
spheal,Ice,Water,/content/APS360-Pokemon-Data/labelled_set/images/spheal.png
sealeo,Ice,Water,/content/APS360-Pokemon-Data/labelled_set/images/sealeo.png
walrein,Ice,Water,/content/APS360-Pokemon-Data/labelled_set/images/walrein.png
clamperl,Water,,/content/APS360-Pokemon-Data/labelled_set/images/clamperl.png
huntail,Water,,/content/APS360-Pokemon-Data/labelled_set/images/huntail.png
gorebyss,Water,,/content/APS360-Pokemon-Data/labelled_set/images/gorebyss.png
relicanth,Water,Rock,/content/APS360-Pokemon-Data/labelled_set/images/relicanth.png
luvdisc,Water,,/content/APS360-Pokemon-Data/labelled_set/images/luvdisc.png
bagon,Dragon,,/content/APS360-Pokemon-Data/labelled_set/images/bagon.png
shelgon,Dragon,,/content/APS360-Pokemon-Data/labelled_set/images/shelgon.png
salamence,Dragon,Flying,/content/APS360-Pokemon-Data/labelled_set/images/salamence.png
beldum,Steel,Psychic,/content/APS360-Pokemon-Data/labelled_set/images/beldum.png
metang,Steel,Psychic,/content/APS360-Pokemon-Data/labelled_set/images/metang.png
metagross,Steel,Psychic,/content/APS360-Pokemon-Data/labelled_set/images/metagross.png
regirock,Rock,,/content/APS360-Pokemon-Data/labelled_set/images/regirock.png
regice,Ice,,/content/APS360-Pokemon-Data/labelled_set/images/regice.png
registeel,Steel,,/content/APS360-Pokemon-Data/labelled_set/images/registeel.png
latias,Dragon,Psychic,/content/APS360-Pokemon-Data/labelled_set/images/latias.png
latios,Dragon,Psychic,/content/APS360-Pokemon-Data/labelled_set/images/latios.png
kyogre,Water,,/content/APS360-Pokemon-Data/labelled_set/images/kyogre.png
groudon,Ground,,/content/APS360-Pokemon-Data/labelled_set/images/groudon.png
rayquaza,Dragon,Flying,/content/APS360-Pokemon-Data/labelled_set/images/rayquaza.png
jirachi,Steel,Psychic,/content/APS360-Pokemon-Data/labelled_set/images/jirachi.png
deoxys-normal,Psychic,,/content/APS360-Pokemon-Data/labelled_set/images/deoxys-normal.png
turtwig,Grass,,/content/APS360-Pokemon-Data/labelled_set/images/turtwig.png
grotle,Grass,,/content/APS360-Pokemon-Data/labelled_set/images/grotle.png
torterra,Grass,Ground,/content/APS360-Pokemon-Data/labelled_set/images/torterra.png
chimchar,Fire,,/content/APS360-Pokemon-Data/labelled_set/images/chimchar.png
monferno,Fire,Fighting,/content/APS360-Pokemon-Data/labelled_set/images/monferno.png
infernape,Fire,Fighting,/content/APS360-Pokemon-Data/labelled_set/images/infernape.png
piplup,Water,,/content/APS360-Pokemon-Data/labelled_set/images/piplup.png
prinplup,Water,,/content/APS360-Pokemon-Data/labelled_set/images/prinplup.png
empoleon,Water,Steel,/content/APS360-Pokemon-Data/labelled_set/images/empoleon.png
starly,Normal,Flying,/content/APS360-Pokemon-Data/labelled_set/images/starly.png
staravia,Normal,Flying,/content/APS360-Pokemon-Data/labelled_set/images/staravia.png
staraptor,Normal,Flying,/content/APS360-Pokemon-Data/labelled_set/images/staraptor.png
bidoof,Normal,,/content/APS360-Pokemon-Data/labelled_set/images/bidoof.png
bibarel,Normal,Water,/content/APS360-Pokemon-Data/labelled_set/images/bibarel.png
kricketot,Bug,,/content/APS360-Pokemon-Data/labelled_set/images/kricketot.png
kricketune,Bug,,/content/APS360-Pokemon-Data/labelled_set/images/kricketune.png
shinx,Electric,,/content/APS360-Pokemon-Data/labelled_set/images/shinx.png
luxio,Electric,,/content/APS360-Pokemon-Data/labelled_set/images/luxio.png
luxray,Electric,,/content/APS360-Pokemon-Data/labelled_set/images/luxray.png
budew,Grass,Poison,/content/APS360-Pokemon-Data/labelled_set/images/budew.png
roserade,Grass,Poison,/content/APS360-Pokemon-Data/labelled_set/images/roserade.png
cranidos,Rock,,/content/APS360-Pokemon-Data/labelled_set/images/cranidos.png
rampardos,Rock,,/content/APS360-Pokemon-Data/labelled_set/images/rampardos.png
shieldon,Rock,Steel,/content/APS360-Pokemon-Data/labelled_set/images/shieldon.png
bastiodon,Rock,Steel,/content/APS360-Pokemon-Data/labelled_set/images/bastiodon.png
burmy,Bug,,/content/APS360-Pokemon-Data/labelled_set/images/burmy.png
wormadam-plant,Bug,Grass,/content/APS360-Pokemon-Data/labelled_set/images/wormadam-plant.png
mothim,Bug,Flying,/content/APS360-Pokemon-Data/labelled_set/images/mothim.png
combee,Bug,Flying,/content/APS360-Pokemon-Data/labelled_set/images/combee.png
vespiquen,Bug,Flying,/content/APS360-Pokemon-Data/labelled_set/images/vespiquen.png
pachirisu,Electric,,/content/APS360-Pokemon-Data/labelled_set/images/pachirisu.png
buizel,Water,,/content/APS360-Pokemon-Data/labelled_set/images/buizel.png
floatzel,Water,,/content/APS360-Pokemon-Data/labelled_set/images/floatzel.png
cherubi,Grass,,/content/APS360-Pokemon-Data/labelled_set/images/cherubi.png
cherrim,Grass,,/content/APS360-Pokemon-Data/labelled_set/images/cherrim.png
shellos,Water,,/content/APS360-Pokemon-Data/labelled_set/images/shellos.png
gastrodon,Water,Ground,/content/APS360-Pokemon-Data/labelled_set/images/gastrodon.png
ambipom,Normal,,/content/APS360-Pokemon-Data/labelled_set/images/ambipom.png
drifloon,Ghost,Flying,/content/APS360-Pokemon-Data/labelled_set/images/drifloon.png
drifblim,Ghost,Flying,/content/APS360-Pokemon-Data/labelled_set/images/drifblim.png
buneary,Normal,,/content/APS360-Pokemon-Data/labelled_set/images/buneary.png
lopunny,Normal,,/content/APS360-Pokemon-Data/labelled_set/images/lopunny.png
mismagius,Ghost,,/content/APS360-Pokemon-Data/labelled_set/images/mismagius.png
honchkrow,Dark,Flying,/content/APS360-Pokemon-Data/labelled_set/images/honchkrow.png
glameow,Normal,,/content/APS360-Pokemon-Data/labelled_set/images/glameow.png
purugly,Normal,,/content/APS360-Pokemon-Data/labelled_set/images/purugly.png
chingling,Psychic,,/content/APS360-Pokemon-Data/labelled_set/images/chingling.png
stunky,Poison,Dark,/content/APS360-Pokemon-Data/labelled_set/images/stunky.png
skuntank,Poison,Dark,/content/APS360-Pokemon-Data/labelled_set/images/skuntank.png
bronzor,Steel,Psychic,/content/APS360-Pokemon-Data/labelled_set/images/bronzor.png
bronzong,Steel,Psychic,/content/APS360-Pokemon-Data/labelled_set/images/bronzong.png
bonsly,Rock,,/content/APS360-Pokemon-Data/labelled_set/images/bonsly.png
mime-jr,Psychic,Fairy,/content/APS360-Pokemon-Data/labelled_set/images/mime-jr.png
happiny,Normal,,/content/APS360-Pokemon-Data/labelled_set/images/happiny.png
chatot,Normal,Flying,/content/APS360-Pokemon-Data/labelled_set/images/chatot.png
spiritomb,Ghost,Dark,/content/APS360-Pokemon-Data/labelled_set/images/spiritomb.png
gible,Dragon,Ground,/content/APS360-Pokemon-Data/labelled_set/images/gible.png
gabite,Dragon,Ground,/content/APS360-Pokemon-Data/labelled_set/images/gabite.png
garchomp,Dragon,Ground,/content/APS360-Pokemon-Data/labelled_set/images/garchomp.png
munchlax,Normal,,/content/APS360-Pokemon-Data/labelled_set/images/munchlax.png
riolu,Fighting,,/content/APS360-Pokemon-Data/labelled_set/images/riolu.png
lucario,Fighting,Steel,/content/APS360-Pokemon-Data/labelled_set/images/lucario.png
hippopotas,Ground,,/content/APS360-Pokemon-Data/labelled_set/images/hippopotas.png
hippowdon,Ground,,/content/APS360-Pokemon-Data/labelled_set/images/hippowdon.png
skorupi,Poison,Bug,/content/APS360-Pokemon-Data/labelled_set/images/skorupi.png
drapion,Poison,Dark,/content/APS360-Pokemon-Data/labelled_set/images/drapion.png
croagunk,Poison,Fighting,/content/APS360-Pokemon-Data/labelled_set/images/croagunk.png
toxicroak,Poison,Fighting,/content/APS360-Pokemon-Data/labelled_set/images/toxicroak.png
carnivine,Grass,,/content/APS360-Pokemon-Data/labelled_set/images/carnivine.png
finneon,Water,,/content/APS360-Pokemon-Data/labelled_set/images/finneon.png
lumineon,Water,,/content/APS360-Pokemon-Data/labelled_set/images/lumineon.png
mantyke,Water,Flying,/content/APS360-Pokemon-Data/labelled_set/images/mantyke.png
snover,Grass,Ice,/content/APS360-Pokemon-Data/labelled_set/images/snover.png
abomasnow,Grass,Ice,/content/APS360-Pokemon-Data/labelled_set/images/abomasnow.png
weavile,Dark,Ice,/content/APS360-Pokemon-Data/labelled_set/images/weavile.png
magnezone,Electric,Steel,/content/APS360-Pokemon-Data/labelled_set/images/magnezone.png
lickilicky,Normal,,/content/APS360-Pokemon-Data/labelled_set/images/lickilicky.png
rhyperior,Ground,Rock,/content/APS360-Pokemon-Data/labelled_set/images/rhyperior.png
tangrowth,Grass,,/content/APS360-Pokemon-Data/labelled_set/images/tangrowth.png
electivire,Electric,,/content/APS360-Pokemon-Data/labelled_set/images/electivire.png
magmortar,Fire,,/content/APS360-Pokemon-Data/labelled_set/images/magmortar.png
togekiss,Fairy,Flying,/content/APS360-Pokemon-Data/labelled_set/images/togekiss.png
yanmega,Bug,Flying,/content/APS360-Pokemon-Data/labelled_set/images/yanmega.png
leafeon,Grass,,/content/APS360-Pokemon-Data/labelled_set/images/leafeon.png
glaceon,Ice,,/content/APS360-Pokemon-Data/labelled_set/images/glaceon.png
gliscor,Ground,Flying,/content/APS360-Pokemon-Data/labelled_set/images/gliscor.png
mamoswine,Ice,Ground,/content/APS360-Pokemon-Data/labelled_set/images/mamoswine.png
porygon-z,Normal,,/content/APS360-Pokemon-Data/labelled_set/images/porygon-z.png
gallade,Psychic,Fighting,/content/APS360-Pokemon-Data/labelled_set/images/gallade.png
probopass,Rock,Steel,/content/APS360-Pokemon-Data/labelled_set/images/probopass.png
dusknoir,Ghost,,/content/APS360-Pokemon-Data/labelled_set/images/dusknoir.png
froslass,Ice,Ghost,/content/APS360-Pokemon-Data/labelled_set/images/froslass.png
rotom,Electric,Ghost,/content/APS360-Pokemon-Data/labelled_set/images/rotom.png
uxie,Psychic,,/content/APS360-Pokemon-Data/labelled_set/images/uxie.png
mesprit,Psychic,,/content/APS360-Pokemon-Data/labelled_set/images/mesprit.png
azelf,Psychic,,/content/APS360-Pokemon-Data/labelled_set/images/azelf.png
dialga,Steel,Dragon,/content/APS360-Pokemon-Data/labelled_set/images/dialga.png
palkia,Water,Dragon,/content/APS360-Pokemon-Data/labelled_set/images/palkia.png
heatran,Fire,Steel,/content/APS360-Pokemon-Data/labelled_set/images/heatran.png
regigigas,Normal,,/content/APS360-Pokemon-Data/labelled_set/images/regigigas.png
giratina-altered,Ghost,Dragon,/content/APS360-Pokemon-Data/labelled_set/images/giratina-altered.png
cresselia,Psychic,,/content/APS360-Pokemon-Data/labelled_set/images/cresselia.png
phione,Water,,/content/APS360-Pokemon-Data/labelled_set/images/phione.png
manaphy,Water,,/content/APS360-Pokemon-Data/labelled_set/images/manaphy.png
darkrai,Dark,,/content/APS360-Pokemon-Data/labelled_set/images/darkrai.png
shaymin-land,Grass,,/content/APS360-Pokemon-Data/labelled_set/images/shaymin-land.png
arceus,Normal,,/content/APS360-Pokemon-Data/labelled_set/images/arceus.png
victini,Psychic,Fire,/content/APS360-Pokemon-Data/labelled_set/images/victini.png
snivy,Grass,,/content/APS360-Pokemon-Data/labelled_set/images/snivy.png
servine,Grass,,/content/APS360-Pokemon-Data/labelled_set/images/servine.png
serperior,Grass,,/content/APS360-Pokemon-Data/labelled_set/images/serperior.png
tepig,Fire,,/content/APS360-Pokemon-Data/labelled_set/images/tepig.png
pignite,Fire,Fighting,/content/APS360-Pokemon-Data/labelled_set/images/pignite.png
emboar,Fire,Fighting,/content/APS360-Pokemon-Data/labelled_set/images/emboar.png
oshawott,Water,,/content/APS360-Pokemon-Data/labelled_set/images/oshawott.png
dewott,Water,,/content/APS360-Pokemon-Data/labelled_set/images/dewott.png
samurott,Water,,/content/APS360-Pokemon-Data/labelled_set/images/samurott.png
patrat,Normal,,/content/APS360-Pokemon-Data/labelled_set/images/patrat.png
watchog,Normal,,/content/APS360-Pokemon-Data/labelled_set/images/watchog.png
lillipup,Normal,,/content/APS360-Pokemon-Data/labelled_set/images/lillipup.png
herdier,Normal,,/content/APS360-Pokemon-Data/labelled_set/images/herdier.png
stoutland,Normal,,/content/APS360-Pokemon-Data/labelled_set/images/stoutland.png
purrloin,Dark,,/content/APS360-Pokemon-Data/labelled_set/images/purrloin.png
liepard,Dark,,/content/APS360-Pokemon-Data/labelled_set/images/liepard.png
pansage,Grass,,/content/APS360-Pokemon-Data/labelled_set/images/pansage.png
simisage,Grass,,/content/APS360-Pokemon-Data/labelled_set/images/simisage.png
pansear,Fire,,/content/APS360-Pokemon-Data/labelled_set/images/pansear.png
simisear,Fire,,/content/APS360-Pokemon-Data/labelled_set/images/simisear.png
panpour,Water,,/content/APS360-Pokemon-Data/labelled_set/images/panpour.png
simipour,Water,,/content/APS360-Pokemon-Data/labelled_set/images/simipour.png
munna,Psychic,,/content/APS360-Pokemon-Data/labelled_set/images/munna.png
musharna,Psychic,,/content/APS360-Pokemon-Data/labelled_set/images/musharna.png
pidove,Normal,Flying,/content/APS360-Pokemon-Data/labelled_set/images/pidove.png
tranquill,Normal,Flying,/content/APS360-Pokemon-Data/labelled_set/images/tranquill.png
unfezant,Normal,Flying,/content/APS360-Pokemon-Data/labelled_set/images/unfezant.png
blitzle,Electric,,/content/APS360-Pokemon-Data/labelled_set/images/blitzle.png
zebstrika,Electric,,/content/APS360-Pokemon-Data/labelled_set/images/zebstrika.png
roggenrola,Rock,,/content/APS360-Pokemon-Data/labelled_set/images/roggenrola.png
boldore,Rock,,/content/APS360-Pokemon-Data/labelled_set/images/boldore.png
gigalith,Rock,,/content/APS360-Pokemon-Data/labelled_set/images/gigalith.png
woobat,Psychic,Flying,/content/APS360-Pokemon-Data/labelled_set/images/woobat.png
swoobat,Psychic,Flying,/content/APS360-Pokemon-Data/labelled_set/images/swoobat.png
drilbur,Ground,,/content/APS360-Pokemon-Data/labelled_set/images/drilbur.png
excadrill,Ground,Steel,/content/APS360-Pokemon-Data/labelled_set/images/excadrill.png
audino,Normal,,/content/APS360-Pokemon-Data/labelled_set/images/audino.png
timburr,Fighting,,/content/APS360-Pokemon-Data/labelled_set/images/timburr.png
gurdurr,Fighting,,/content/APS360-Pokemon-Data/labelled_set/images/gurdurr.png
conkeldurr,Fighting,,/content/APS360-Pokemon-Data/labelled_set/images/conkeldurr.png
tympole,Water,,/content/APS360-Pokemon-Data/labelled_set/images/tympole.png
palpitoad,Water,Ground,/content/APS360-Pokemon-Data/labelled_set/images/palpitoad.png
seismitoad,Water,Ground,/content/APS360-Pokemon-Data/labelled_set/images/seismitoad.png
throh,Fighting,,/content/APS360-Pokemon-Data/labelled_set/images/throh.png
sawk,Fighting,,/content/APS360-Pokemon-Data/labelled_set/images/sawk.png
sewaddle,Bug,Grass,/content/APS360-Pokemon-Data/labelled_set/images/sewaddle.png
swadloon,Bug,Grass,/content/APS360-Pokemon-Data/labelled_set/images/swadloon.png
leavanny,Bug,Grass,/content/APS360-Pokemon-Data/labelled_set/images/leavanny.png
venipede,Bug,Poison,/content/APS360-Pokemon-Data/labelled_set/images/venipede.png
whirlipede,Bug,Poison,/content/APS360-Pokemon-Data/labelled_set/images/whirlipede.png
scolipede,Bug,Poison,/content/APS360-Pokemon-Data/labelled_set/images/scolipede.png
cottonee,Grass,Fairy,/content/APS360-Pokemon-Data/labelled_set/images/cottonee.png
whimsicott,Grass,Fairy,/content/APS360-Pokemon-Data/labelled_set/images/whimsicott.png
petilil,Grass,,/content/APS360-Pokemon-Data/labelled_set/images/petilil.png
lilligant,Grass,,/content/APS360-Pokemon-Data/labelled_set/images/lilligant.png
basculin-red-striped,Water,,/content/APS360-Pokemon-Data/labelled_set/images/basculin-red-striped.png
sandile,Ground,Dark,/content/APS360-Pokemon-Data/labelled_set/images/sandile.png
krokorok,Ground,Dark,/content/APS360-Pokemon-Data/labelled_set/images/krokorok.png
krookodile,Ground,Dark,/content/APS360-Pokemon-Data/labelled_set/images/krookodile.png
darumaka,Fire,,/content/APS360-Pokemon-Data/labelled_set/images/darumaka.png
darmanitan-standard,Fire,,/content/APS360-Pokemon-Data/labelled_set/images/darmanitan-standard.png
maractus,Grass,,/content/APS360-Pokemon-Data/labelled_set/images/maractus.png
dwebble,Bug,Rock,/content/APS360-Pokemon-Data/labelled_set/images/dwebble.png
crustle,Bug,Rock,/content/APS360-Pokemon-Data/labelled_set/images/crustle.png
scraggy,Dark,Fighting,/content/APS360-Pokemon-Data/labelled_set/images/scraggy.png
scrafty,Dark,Fighting,/content/APS360-Pokemon-Data/labelled_set/images/scrafty.png
sigilyph,Psychic,Flying,/content/APS360-Pokemon-Data/labelled_set/images/sigilyph.png
yamask,Ghost,,/content/APS360-Pokemon-Data/labelled_set/images/yamask.png
cofagrigus,Ghost,,/content/APS360-Pokemon-Data/labelled_set/images/cofagrigus.png
tirtouga,Water,Rock,/content/APS360-Pokemon-Data/labelled_set/images/tirtouga.png
carracosta,Water,Rock,/content/APS360-Pokemon-Data/labelled_set/images/carracosta.png
archen,Rock,Flying,/content/APS360-Pokemon-Data/labelled_set/images/archen.png
archeops,Rock,Flying,/content/APS360-Pokemon-Data/labelled_set/images/archeops.png
trubbish,Poison,,/content/APS360-Pokemon-Data/labelled_set/images/trubbish.png
garbodor,Poison,,/content/APS360-Pokemon-Data/labelled_set/images/garbodor.png
zorua,Dark,,/content/APS360-Pokemon-Data/labelled_set/images/zorua.png
zoroark,Dark,,/content/APS360-Pokemon-Data/labelled_set/images/zoroark.png
minccino,Normal,,/content/APS360-Pokemon-Data/labelled_set/images/minccino.png
cinccino,Normal,,/content/APS360-Pokemon-Data/labelled_set/images/cinccino.png
gothita,Psychic,,/content/APS360-Pokemon-Data/labelled_set/images/gothita.png
gothorita,Psychic,,/content/APS360-Pokemon-Data/labelled_set/images/gothorita.png
gothitelle,Psychic,,/content/APS360-Pokemon-Data/labelled_set/images/gothitelle.png
solosis,Psychic,,/content/APS360-Pokemon-Data/labelled_set/images/solosis.png
duosion,Psychic,,/content/APS360-Pokemon-Data/labelled_set/images/duosion.png
reuniclus,Psychic,,/content/APS360-Pokemon-Data/labelled_set/images/reuniclus.png
ducklett,Water,Flying,/content/APS360-Pokemon-Data/labelled_set/images/ducklett.png
swanna,Water,Flying,/content/APS360-Pokemon-Data/labelled_set/images/swanna.png
vanillite,Ice,,/content/APS360-Pokemon-Data/labelled_set/images/vanillite.png
vanillish,Ice,,/content/APS360-Pokemon-Data/labelled_set/images/vanillish.png
vanilluxe,Ice,,/content/APS360-Pokemon-Data/labelled_set/images/vanilluxe.png
deerling,Normal,Grass,/content/APS360-Pokemon-Data/labelled_set/images/deerling.png
sawsbuck,Normal,Grass,/content/APS360-Pokemon-Data/labelled_set/images/sawsbuck.png
emolga,Electric,Flying,/content/APS360-Pokemon-Data/labelled_set/images/emolga.png
karrablast,Bug,,/content/APS360-Pokemon-Data/labelled_set/images/karrablast.png
escavalier,Bug,Steel,/content/APS360-Pokemon-Data/labelled_set/images/escavalier.png
foongus,Grass,Poison,/content/APS360-Pokemon-Data/labelled_set/images/foongus.png
amoonguss,Grass,Poison,/content/APS360-Pokemon-Data/labelled_set/images/amoonguss.png
frillish,Water,Ghost,/content/APS360-Pokemon-Data/labelled_set/images/frillish.png
jellicent,Water,Ghost,/content/APS360-Pokemon-Data/labelled_set/images/jellicent.png
alomomola,Water,,/content/APS360-Pokemon-Data/labelled_set/images/alomomola.png
joltik,Bug,Electric,/content/APS360-Pokemon-Data/labelled_set/images/joltik.png
galvantula,Bug,Electric,/content/APS360-Pokemon-Data/labelled_set/images/galvantula.png
ferroseed,Grass,Steel,/content/APS360-Pokemon-Data/labelled_set/images/ferroseed.png
ferrothorn,Grass,Steel,/content/APS360-Pokemon-Data/labelled_set/images/ferrothorn.png
klink,Steel,,/content/APS360-Pokemon-Data/labelled_set/images/klink.png
klang,Steel,,/content/APS360-Pokemon-Data/labelled_set/images/klang.png
klinklang,Steel,,/content/APS360-Pokemon-Data/labelled_set/images/klinklang.png
tynamo,Electric,,/content/APS360-Pokemon-Data/labelled_set/images/tynamo.png
eelektrik,Electric,,/content/APS360-Pokemon-Data/labelled_set/images/eelektrik.png
eelektross,Electric,,/content/APS360-Pokemon-Data/labelled_set/images/eelektross.png
elgyem,Psychic,,/content/APS360-Pokemon-Data/labelled_set/images/elgyem.png
beheeyem,Psychic,,/content/APS360-Pokemon-Data/labelled_set/images/beheeyem.png
litwick,Ghost,Fire,/content/APS360-Pokemon-Data/labelled_set/images/litwick.png
lampent,Ghost,Fire,/content/APS360-Pokemon-Data/labelled_set/images/lampent.png
chandelure,Ghost,Fire,/content/APS360-Pokemon-Data/labelled_set/images/chandelure.png
axew,Dragon,,/content/APS360-Pokemon-Data/labelled_set/images/axew.png
fraxure,Dragon,,/content/APS360-Pokemon-Data/labelled_set/images/fraxure.png
haxorus,Dragon,,/content/APS360-Pokemon-Data/labelled_set/images/haxorus.png
cubchoo,Ice,,/content/APS360-Pokemon-Data/labelled_set/images/cubchoo.png
beartic,Ice,,/content/APS360-Pokemon-Data/labelled_set/images/beartic.png
cryogonal,Ice,,/content/APS360-Pokemon-Data/labelled_set/images/cryogonal.png
shelmet,Bug,,/content/APS360-Pokemon-Data/labelled_set/images/shelmet.png
accelgor,Bug,,/content/APS360-Pokemon-Data/labelled_set/images/accelgor.png
stunfisk,Ground,Electric,/content/APS360-Pokemon-Data/labelled_set/images/stunfisk.png
mienfoo,Fighting,,/content/APS360-Pokemon-Data/labelled_set/images/mienfoo.png
mienshao,Fighting,,/content/APS360-Pokemon-Data/labelled_set/images/mienshao.png
druddigon,Dragon,,/content/APS360-Pokemon-Data/labelled_set/images/druddigon.png
golett,Ground,Ghost,/content/APS360-Pokemon-Data/labelled_set/images/golett.png
golurk,Ground,Ghost,/content/APS360-Pokemon-Data/labelled_set/images/golurk.png
pawniard,Dark,Steel,/content/APS360-Pokemon-Data/labelled_set/images/pawniard.png
bisharp,Dark,Steel,/content/APS360-Pokemon-Data/labelled_set/images/bisharp.png
bouffalant,Normal,,/content/APS360-Pokemon-Data/labelled_set/images/bouffalant.png
rufflet,Normal,Flying,/content/APS360-Pokemon-Data/labelled_set/images/rufflet.png
braviary,Normal,Flying,/content/APS360-Pokemon-Data/labelled_set/images/braviary.png
vullaby,Dark,Flying,/content/APS360-Pokemon-Data/labelled_set/images/vullaby.png
mandibuzz,Dark,Flying,/content/APS360-Pokemon-Data/labelled_set/images/mandibuzz.png
heatmor,Fire,,/content/APS360-Pokemon-Data/labelled_set/images/heatmor.png
durant,Bug,Steel,/content/APS360-Pokemon-Data/labelled_set/images/durant.png
deino,Dark,Dragon,/content/APS360-Pokemon-Data/labelled_set/images/deino.png
zweilous,Dark,Dragon,/content/APS360-Pokemon-Data/labelled_set/images/zweilous.png
hydreigon,Dark,Dragon,/content/APS360-Pokemon-Data/labelled_set/images/hydreigon.png
larvesta,Bug,Fire,/content/APS360-Pokemon-Data/labelled_set/images/larvesta.png
volcarona,Bug,Fire,/content/APS360-Pokemon-Data/labelled_set/images/volcarona.png
cobalion,Steel,Fighting,/content/APS360-Pokemon-Data/labelled_set/images/cobalion.png
terrakion,Rock,Fighting,/content/APS360-Pokemon-Data/labelled_set/images/terrakion.png
virizion,Grass,Fighting,/content/APS360-Pokemon-Data/labelled_set/images/virizion.png
tornadus-incarnate,Flying,,/content/APS360-Pokemon-Data/labelled_set/images/tornadus-incarnate.png
thundurus-incarnate,Electric,Flying,/content/APS360-Pokemon-Data/labelled_set/images/thundurus-incarnate.png
reshiram,Dragon,Fire,/content/APS360-Pokemon-Data/labelled_set/images/reshiram.png
zekrom,Dragon,Electric,/content/APS360-Pokemon-Data/labelled_set/images/zekrom.png
landorus-incarnate,Ground,Flying,/content/APS360-Pokemon-Data/labelled_set/images/landorus-incarnate.png
kyurem,Dragon,Ice,/content/APS360-Pokemon-Data/labelled_set/images/kyurem.png
keldeo-ordinary,Water,Fighting,/content/APS360-Pokemon-Data/labelled_set/images/keldeo-ordinary.png
meloetta-aria,Normal,Psychic,/content/APS360-Pokemon-Data/labelled_set/images/meloetta-aria.png
genesect,Bug,Steel,/content/APS360-Pokemon-Data/labelled_set/images/genesect.png
chespin,Grass,,/content/APS360-Pokemon-Data/labelled_set/images/chespin.png
quilladin,Grass,,/content/APS360-Pokemon-Data/labelled_set/images/quilladin.png
chesnaught,Grass,Fighting,/content/APS360-Pokemon-Data/labelled_set/images/chesnaught.png
fennekin,Fire,,/content/APS360-Pokemon-Data/labelled_set/images/fennekin.png
braixen,Fire,,/content/APS360-Pokemon-Data/labelled_set/images/braixen.png
delphox,Fire,Psychic,/content/APS360-Pokemon-Data/labelled_set/images/delphox.png
froakie,Water,,/content/APS360-Pokemon-Data/labelled_set/images/froakie.png
frogadier,Water,,/content/APS360-Pokemon-Data/labelled_set/images/frogadier.png
greninja,Water,Dark,/content/APS360-Pokemon-Data/labelled_set/images/greninja.png
bunnelby,Normal,,/content/APS360-Pokemon-Data/labelled_set/images/bunnelby.png
diggersby,Normal,Ground,/content/APS360-Pokemon-Data/labelled_set/images/diggersby.png
fletchling,Normal,Flying,/content/APS360-Pokemon-Data/labelled_set/images/fletchling.png
fletchinder,Fire,Flying,/content/APS360-Pokemon-Data/labelled_set/images/fletchinder.png
talonflame,Fire,Flying,/content/APS360-Pokemon-Data/labelled_set/images/talonflame.png
scatterbug,Bug,,/content/APS360-Pokemon-Data/labelled_set/images/scatterbug.png
spewpa,Bug,,/content/APS360-Pokemon-Data/labelled_set/images/spewpa.png
vivillon,Bug,Flying,/content/APS360-Pokemon-Data/labelled_set/images/vivillon.png
litleo,Fire,Normal,/content/APS360-Pokemon-Data/labelled_set/images/litleo.png
pyroar,Fire,Normal,/content/APS360-Pokemon-Data/labelled_set/images/pyroar.png
flabebe,Fairy,,/content/APS360-Pokemon-Data/labelled_set/images/flabebe.png
floette,Fairy,,/content/APS360-Pokemon-Data/labelled_set/images/floette.png
florges,Fairy,,/content/APS360-Pokemon-Data/labelled_set/images/florges.png
skiddo,Grass,,/content/APS360-Pokemon-Data/labelled_set/images/skiddo.png
gogoat,Grass,,/content/APS360-Pokemon-Data/labelled_set/images/gogoat.png
pancham,Fighting,,/content/APS360-Pokemon-Data/labelled_set/images/pancham.png
pangoro,Fighting,Dark,/content/APS360-Pokemon-Data/labelled_set/images/pangoro.png
furfrou,Normal,,/content/APS360-Pokemon-Data/labelled_set/images/furfrou.png
espurr,Psychic,,/content/APS360-Pokemon-Data/labelled_set/images/espurr.png
meowstic-male,Psychic,,/content/APS360-Pokemon-Data/labelled_set/images/meowstic-male.png
honedge,Steel,Ghost,/content/APS360-Pokemon-Data/labelled_set/images/honedge.png
doublade,Steel,Ghost,/content/APS360-Pokemon-Data/labelled_set/images/doublade.png
aegislash-blade,Steel,Ghost,/content/APS360-Pokemon-Data/labelled_set/images/aegislash-blade.png
spritzee,Fairy,,/content/APS360-Pokemon-Data/labelled_set/images/spritzee.png
aromatisse,Fairy,,/content/APS360-Pokemon-Data/labelled_set/images/aromatisse.png
swirlix,Fairy,,/content/APS360-Pokemon-Data/labelled_set/images/swirlix.png
slurpuff,Fairy,,/content/APS360-Pokemon-Data/labelled_set/images/slurpuff.png
inkay,Dark,Psychic,/content/APS360-Pokemon-Data/labelled_set/images/inkay.png
malamar,Dark,Psychic,/content/APS360-Pokemon-Data/labelled_set/images/malamar.png
binacle,Rock,Water,/content/APS360-Pokemon-Data/labelled_set/images/binacle.png
barbaracle,Rock,Water,/content/APS360-Pokemon-Data/labelled_set/images/barbaracle.png
skrelp,Poison,Water,/content/APS360-Pokemon-Data/labelled_set/images/skrelp.png
dragalge,Poison,Dragon,/content/APS360-Pokemon-Data/labelled_set/images/dragalge.png
clauncher,Water,,/content/APS360-Pokemon-Data/labelled_set/images/clauncher.png
clawitzer,Water,,/content/APS360-Pokemon-Data/labelled_set/images/clawitzer.png
helioptile,Electric,Normal,/content/APS360-Pokemon-Data/labelled_set/images/helioptile.png
heliolisk,Electric,Normal,/content/APS360-Pokemon-Data/labelled_set/images/heliolisk.png
tyrunt,Rock,Dragon,/content/APS360-Pokemon-Data/labelled_set/images/tyrunt.png
tyrantrum,Rock,Dragon,/content/APS360-Pokemon-Data/labelled_set/images/tyrantrum.png
amaura,Rock,Ice,/content/APS360-Pokemon-Data/labelled_set/images/amaura.png
aurorus,Rock,Ice,/content/APS360-Pokemon-Data/labelled_set/images/aurorus.png
sylveon,Fairy,,/content/APS360-Pokemon-Data/labelled_set/images/sylveon.png
hawlucha,Fighting,Flying,/content/APS360-Pokemon-Data/labelled_set/images/hawlucha.png
dedenne,Electric,Fairy,/content/APS360-Pokemon-Data/labelled_set/images/dedenne.png
carbink,Rock,Fairy,/content/APS360-Pokemon-Data/labelled_set/images/carbink.png
goomy,Dragon,,/content/APS360-Pokemon-Data/labelled_set/images/goomy.png
sliggoo,Dragon,,/content/APS360-Pokemon-Data/labelled_set/images/sliggoo.png
goodra,Dragon,,/content/APS360-Pokemon-Data/labelled_set/images/goodra.png
klefki,Steel,Fairy,/content/APS360-Pokemon-Data/labelled_set/images/klefki.png
phantump,Ghost,Grass,/content/APS360-Pokemon-Data/labelled_set/images/phantump.png
trevenant,Ghost,Grass,/content/APS360-Pokemon-Data/labelled_set/images/trevenant.png
pumpkaboo-average,Ghost,Grass,/content/APS360-Pokemon-Data/labelled_set/images/pumpkaboo-average.png
gourgeist-average,Ghost,Grass,/content/APS360-Pokemon-Data/labelled_set/images/gourgeist-average.png
bergmite,Ice,,/content/APS360-Pokemon-Data/labelled_set/images/bergmite.png
avalugg,Ice,,/content/APS360-Pokemon-Data/labelled_set/images/avalugg.png
noibat,Flying,Dragon,/content/APS360-Pokemon-Data/labelled_set/images/noibat.png
noivern,Flying,Dragon,/content/APS360-Pokemon-Data/labelled_set/images/noivern.png
xerneas,Fairy,,/content/APS360-Pokemon-Data/labelled_set/images/xerneas.png
yveltal,Dark,Flying,/content/APS360-Pokemon-Data/labelled_set/images/yveltal.png
zygarde-50,Dragon,Ground,/content/APS360-Pokemon-Data/labelled_set/images/zygarde-50.png
diancie,Rock,Fairy,/content/APS360-Pokemon-Data/labelled_set/images/diancie.png
hoopa-confined,Psychic,Ghost,/content/APS360-Pokemon-Data/labelled_set/images/hoopa-confined.png
volcanion,Fire,Water,/content/APS360-Pokemon-Data/labelled_set/images/volcanion.png
rowlet,Grass,Flying,/content/APS360-Pokemon-Data/labelled_set/images/rowlet.png
dartrix,Grass,Flying,/content/APS360-Pokemon-Data/labelled_set/images/dartrix.png
decidueye,Grass,Ghost,/content/APS360-Pokemon-Data/labelled_set/images/decidueye.png
litten,Fire,,/content/APS360-Pokemon-Data/labelled_set/images/litten.png
torracat,Fire,,/content/APS360-Pokemon-Data/labelled_set/images/torracat.png
incineroar,Fire,Dark,/content/APS360-Pokemon-Data/labelled_set/images/incineroar.png
popplio,Water,,/content/APS360-Pokemon-Data/labelled_set/images/popplio.png
brionne,Water,,/content/APS360-Pokemon-Data/labelled_set/images/brionne.png
primarina,Water,Fairy,/content/APS360-Pokemon-Data/labelled_set/images/primarina.png
pikipek,Normal,Flying,/content/APS360-Pokemon-Data/labelled_set/images/pikipek.png
trumbeak,Normal,Flying,/content/APS360-Pokemon-Data/labelled_set/images/trumbeak.png
toucannon,Normal,Flying,/content/APS360-Pokemon-Data/labelled_set/images/toucannon.png
yungoos,Normal,,/content/APS360-Pokemon-Data/labelled_set/images/yungoos.png
gumshoos,Normal,,/content/APS360-Pokemon-Data/labelled_set/images/gumshoos.png
grubbin,Bug,,/content/APS360-Pokemon-Data/labelled_set/images/grubbin.png
charjabug,Bug,Electric,/content/APS360-Pokemon-Data/labelled_set/images/charjabug.png
vikavolt,Bug,Electric,/content/APS360-Pokemon-Data/labelled_set/images/vikavolt.png
crabrawler,Fighting,,/content/APS360-Pokemon-Data/labelled_set/images/crabrawler.png
crabominable,Fighting,Ice,/content/APS360-Pokemon-Data/labelled_set/images/crabominable.png
oricorio-baile,Fire,Flying,/content/APS360-Pokemon-Data/labelled_set/images/oricorio-baile.png
cutiefly,Bug,Fairy,/content/APS360-Pokemon-Data/labelled_set/images/cutiefly.png
ribombee,Bug,Fairy,/content/APS360-Pokemon-Data/labelled_set/images/ribombee.png
rockruff,Rock,,/content/APS360-Pokemon-Data/labelled_set/images/rockruff.png
lycanroc-midday,Rock,,/content/APS360-Pokemon-Data/labelled_set/images/lycanroc-midday.png
wishiwashi-solo,Water,,/content/APS360-Pokemon-Data/labelled_set/images/wishiwashi-solo.png
mareanie,Poison,Water,/content/APS360-Pokemon-Data/labelled_set/images/mareanie.png
toxapex,Poison,Water,/content/APS360-Pokemon-Data/labelled_set/images/toxapex.png
mudbray,Ground,,/content/APS360-Pokemon-Data/labelled_set/images/mudbray.png
mudsdale,Ground,,/content/APS360-Pokemon-Data/labelled_set/images/mudsdale.png
dewpider,Water,Bug,/content/APS360-Pokemon-Data/labelled_set/images/dewpider.png
araquanid,Water,Bug,/content/APS360-Pokemon-Data/labelled_set/images/araquanid.png
fomantis,Grass,,/content/APS360-Pokemon-Data/labelled_set/images/fomantis.png
lurantis,Grass,,/content/APS360-Pokemon-Data/labelled_set/images/lurantis.png
morelull,Grass,Fairy,/content/APS360-Pokemon-Data/labelled_set/images/morelull.png
shiinotic,Grass,Fairy,/content/APS360-Pokemon-Data/labelled_set/images/shiinotic.png
salandit,Poison,Fire,/content/APS360-Pokemon-Data/labelled_set/images/salandit.png
salazzle,Poison,Fire,/content/APS360-Pokemon-Data/labelled_set/images/salazzle.png
stufful,Normal,Fighting,/content/APS360-Pokemon-Data/labelled_set/images/stufful.png
bewear,Normal,Fighting,/content/APS360-Pokemon-Data/labelled_set/images/bewear.png
bounsweet,Grass,,/content/APS360-Pokemon-Data/labelled_set/images/bounsweet.png
steenee,Grass,,/content/APS360-Pokemon-Data/labelled_set/images/steenee.png
tsareena,Grass,,/content/APS360-Pokemon-Data/labelled_set/images/tsareena.png
comfey,Fairy,,/content/APS360-Pokemon-Data/labelled_set/images/comfey.png
oranguru,Normal,Psychic,/content/APS360-Pokemon-Data/labelled_set/images/oranguru.png
passimian,Fighting,,/content/APS360-Pokemon-Data/labelled_set/images/passimian.png
wimpod,Bug,Water,/content/APS360-Pokemon-Data/labelled_set/images/wimpod.png
golisopod,Bug,Water,/content/APS360-Pokemon-Data/labelled_set/images/golisopod.png
sandygast,Ghost,Ground,/content/APS360-Pokemon-Data/labelled_set/images/sandygast.png
palossand,Ghost,Ground,/content/APS360-Pokemon-Data/labelled_set/images/palossand.png
pyukumuku,Water,,/content/APS360-Pokemon-Data/labelled_set/images/pyukumuku.png
type-null,Normal,,/content/APS360-Pokemon-Data/labelled_set/images/type-null.png
silvally,Normal,,/content/APS360-Pokemon-Data/labelled_set/images/silvally.png
minior-meteor,Rock,Flying,/content/APS360-Pokemon-Data/labelled_set/images/minior-meteor.png
komala,Normal,,/content/APS360-Pokemon-Data/labelled_set/images/komala.png
turtonator,Fire,Dragon,/content/APS360-Pokemon-Data/labelled_set/images/turtonator.png
togedemaru,Electric,Steel,/content/APS360-Pokemon-Data/labelled_set/images/togedemaru.png
mimikyu,Ghost,Fairy,/content/APS360-Pokemon-Data/labelled_set/images/mimikyu.png
bruxish,Water,Psychic,/content/APS360-Pokemon-Data/labelled_set/images/bruxish.png
drampa,Normal,Dragon,/content/APS360-Pokemon-Data/labelled_set/images/drampa.png
dhelmise,Ghost,Grass,/content/APS360-Pokemon-Data/labelled_set/images/dhelmise.png
jangmo-o,Dragon,,/content/APS360-Pokemon-Data/labelled_set/images/jangmo-o.png
hakamo-o,Dragon,Fighting,/content/APS360-Pokemon-Data/labelled_set/images/hakamo-o.png
kommo-o,Dragon,Fighting,/content/APS360-Pokemon-Data/labelled_set/images/kommo-o.png
tapu-koko,Electric,Fairy,/content/APS360-Pokemon-Data/labelled_set/images/tapu-koko.png
tapu-lele,Psychic,Fairy,/content/APS360-Pokemon-Data/labelled_set/images/tapu-lele.png
tapu-bulu,Grass,Fairy,/content/APS360-Pokemon-Data/labelled_set/images/tapu-bulu.png
tapu-fini,Water,Fairy,/content/APS360-Pokemon-Data/labelled_set/images/tapu-fini.png
cosmog,Psychic,,/content/APS360-Pokemon-Data/labelled_set/images/cosmog.png
cosmoem,Psychic,,/content/APS360-Pokemon-Data/labelled_set/images/cosmoem.png
solgaleo,Psychic,Steel,/content/APS360-Pokemon-Data/labelled_set/images/solgaleo.png
lunala,Psychic,Ghost,/content/APS360-Pokemon-Data/labelled_set/images/lunala.png
nihilego,Rock,Poison,/content/APS360-Pokemon-Data/labelled_set/images/nihilego.png
buzzwole,Bug,Fighting,/content/APS360-Pokemon-Data/labelled_set/images/buzzwole.png
pheromosa,Bug,Fighting,/content/APS360-Pokemon-Data/labelled_set/images/pheromosa.png
xurkitree,Electric,,/content/APS360-Pokemon-Data/labelled_set/images/xurkitree.png
celesteela,Steel,Flying,/content/APS360-Pokemon-Data/labelled_set/images/celesteela.png
kartana,Grass,Steel,/content/APS360-Pokemon-Data/labelled_set/images/kartana.png
guzzlord,Dark,Dragon,/content/APS360-Pokemon-Data/labelled_set/images/guzzlord.png
necrozma,Psychic,,/content/APS360-Pokemon-Data/labelled_set/images/necrozma.png
magearna,Steel,Fairy,/content/APS360-Pokemon-Data/labelled_set/images/magearna.png
marshadow,Fighting,Ghost,/content/APS360-Pokemon-Data/labelled_set/images/marshadow.png
poipole,Poison,,/content/APS360-Pokemon-Data/labelled_set/images/poipole.png
naganadel,Poison,Dragon,/content/APS360-Pokemon-Data/labelled_set/images/naganadel.png
stakataka,Rock,Steel,/content/APS360-Pokemon-Data/labelled_set/images/stakataka.png
blacephalon,Fire,Ghost,/content/APS360-Pokemon-Data/labelled_set/images/blacephalon.png
zeraora,Electric,,/content/APS360-Pokemon-Data/labelled_set/images/zeraora.png
meltan,Steel,,/content/APS360-Pokemon-Data/labelled_set/images/meltan.png
melmetal,Steel,,/content/APS360-Pokemon-Data/labelled_set/images/melmetal.png
